{
    "oldParams": true,
    "wave_type": 3,
    "p_env_attack": 0,
    "p_env_sustain": 0.1064412411509669,
    "p_env_punch": 0.5486679197080944,
    "p_env_decay": 0.4227693734199526,
    "p_base_freq": 0.5982714132516201,
    "p_freq_limit": 0,
    "p_freq_ramp": -0.35180907576722853,
    "p_freq_dramp": 0,
    "p_vib_strength": 0,
    "p_vib_speed": 0,
    "p_arp_mod": -0.3741991423836506,
    "p_arp_speed": 0.8214036181231399,
    "p_duty": 0,
    "p_duty_ramp": 0,
    "p_repeat_speed": 0,
    "p_pha_offset": 0.2299085352362848,
    "p_pha_ramp": -0.2814930943335853,
    "p_lpf_freq": 1,
    "p_lpf_ramp": 0,
    "p_lpf_resonance": 0,
    "p_hpf_freq": 0,
    "p_hpf_ramp": 0,
    "sound_vol": 0.25,
    "sample_rate": 44100,
    "sample_size": 8
}
